<?xml version='1.0' encoding='utf-8' standalone='yes' ?>
<map>
    <long name="DownloadDisplayMessageMillis" value="1758694546240" />
    <boolean name="shouldDownloadToSDCard" value="false" />
    <long name="LastLicenseMarkSyncMillis" value="1758708946240" />
    <boolean name="firstAppStartWithoutUser" value="false" />
    <long name="SyncPlayerSdkDownloadMillis" value="1758708946615" />
    <long name="RetryDisabledDownloadSyncMillis" value="1758694546240" />
    <long name="SyncPlayerSdkErrorStateMillis" value="1758694546240" />
    <boolean name="shouldSubscribeToAllTopics" value="false" />
    <long name="LastLicenseSyncMillis" value="1758694546239" />
    <long name="RefreshMetadataSyncTTLMillis" value="1759299346615" />
    <long name="QueueDownloadSyncMills" value="1758694546240" />
    <long name="com.amazon.communication.remotesetting.pref.LAST_SUCCESSFUL_SYNC" value="1758694544687" />
    <string name="PN_customer_vcr">IN</string>
    <long name="DeleteDownloadSyncMillis" value="1758694546240" />
    <string name="PN_subscription_prefs">[{&quot;topic&quot;:&quot;AIV_video_in_library&quot;,&quot;isSubscribed&quot;:false},{&quot;topic&quot;:&quot;AIV_video_recommendations&quot;,&quot;isSubscribed&quot;:false},{&quot;topic&quot;:&quot;AIV_new_feature&quot;,&quot;isSubscribed&quot;:false},{&quot;topic&quot;:&quot;AIV_offer&quot;,&quot;isSubscribed&quot;:false}]</string>
    <long name="LastLicenseRepairMillis" value="1758694546240" />
    <long name="DisabledDownloadSyncMillis" value="1758694546240" />
    <long name="com.amazon.communication.remotesetting.pref.LAST_SYNC_ATTEMPT" value="1758694544687" />
    <string name="PN_customer_id">amzn1.account.AHDB3ISACMWQMHROWD7CYP73CZQQ</string>
    <long name="LastImagesDownloadSyncMillis" value="1758708946615" />
</map>
