<?xml version='1.0' encoding='utf-8' standalone='yes' ?>
<map>
    <long name="DownloadDisplayMessageMillis" value="1759234090145" />
    <boolean name="shouldDownloadToSDCard" value="false" />
    <long name="LastLicenseMarkSyncMillis" value="1759248490146" />
    <boolean name="firstAppStartWithoutUser" value="false" />
    <long name="SyncPlayerSdkDownloadMillis" value="1759248490536" />
    <long name="RetryDisabledDownloadSyncMillis" value="1759234090145" />
    <long name="SyncPlayerSdkErrorStateMillis" value="1759234090145" />
    <boolean name="shouldSubscribeToAllTopics" value="false" />
    <long name="LastLicenseSyncMillis" value="1759234090143" />
    <long name="RefreshMetadataSyncTTLMillis" value="1759838890536" />
    <long name="QueueDownloadSyncMills" value="1759234090145" />
    <long name="com.amazon.communication.remotesetting.pref.LAST_SUCCESSFUL_SYNC" value="1759234082038" />
    <string name="PN_customer_vcr">IN</string>
    <long name="DeleteDownloadSyncMillis" value="1759234090145" />
    <string name="PN_subscription_prefs">[{&quot;topic&quot;:&quot;AIV_video_in_library&quot;,&quot;isSubscribed&quot;:false},{&quot;topic&quot;:&quot;AIV_video_recommendations&quot;,&quot;isSubscribed&quot;:false},{&quot;topic&quot;:&quot;AIV_new_feature&quot;,&quot;isSubscribed&quot;:false},{&quot;topic&quot;:&quot;AIV_offer&quot;,&quot;isSubscribed&quot;:false}]</string>
    <long name="LastLicenseRepairMillis" value="1759234090145" />
    <long name="DisabledDownloadSyncMillis" value="1759234090145" />
    <long name="com.amazon.communication.remotesetting.pref.LAST_SYNC_ATTEMPT" value="1759234082038" />
    <string name="PN_customer_id">amzn1.account.AFYSOXMXLOYBQHH6DMQYBNHXDO6A</string>
    <long name="LastImagesDownloadSyncMillis" value="1759248490536" />
</map>
