<?xml version='1.0' encoding='utf-8' standalone='yes' ?>
<map>
    <long name="DownloadDisplayMessageMillis" value="1758694382397" />
    <boolean name="shouldDownloadToSDCard" value="false" />
    <long name="LastLicenseMarkSyncMillis" value="1758708782398" />
    <boolean name="firstAppStartWithoutUser" value="false" />
    <long name="SyncPlayerSdkDownloadMillis" value="1758708782773" />
    <long name="RetryDisabledDownloadSyncMillis" value="1758694382397" />
    <long name="SyncPlayerSdkErrorStateMillis" value="1758694382397" />
    <boolean name="shouldSubscribeToAllTopics" value="false" />
    <long name="LastLicenseSyncMillis" value="1758694382393" />
    <long name="RefreshMetadataSyncTTLMillis" value="1759299182773" />
    <long name="QueueDownloadSyncMills" value="1758694382397" />
    <long name="com.amazon.communication.remotesetting.pref.LAST_SUCCESSFUL_SYNC" value="1758694381509" />
    <string name="PN_customer_vcr">IN</string>
    <long name="DeleteDownloadSyncMillis" value="1758694382397" />
    <string name="PN_subscription_prefs">[{&quot;topic&quot;:&quot;AIV_video_in_library&quot;,&quot;isSubscribed&quot;:false},{&quot;topic&quot;:&quot;AIV_video_recommendations&quot;,&quot;isSubscribed&quot;:false},{&quot;topic&quot;:&quot;AIV_new_feature&quot;,&quot;isSubscribed&quot;:false},{&quot;topic&quot;:&quot;AIV_offer&quot;,&quot;isSubscribed&quot;:false}]</string>
    <long name="LastLicenseRepairMillis" value="1758694382397" />
    <long name="DisabledDownloadSyncMillis" value="1758694382397" />
    <long name="com.amazon.communication.remotesetting.pref.LAST_SYNC_ATTEMPT" value="1758694381509" />
    <string name="PN_customer_id">amzn1.account.AEZQ3FLQKYQVAIKWT7YAVDRLJ3NA</string>
    <long name="LastImagesDownloadSyncMillis" value="1758708782773" />
</map>
