<?xml version='1.0' encoding='utf-8' standalone='yes' ?>
<map>
    <boolean name="PN_registered_successfully_with_MPRS" value="true" />
    <string name="PN_registration_id">dLiEPoJsRDG5n7aXJEDFW9:APA91bF5eNi6umI18o-6CcqFjx2U6pukMnnbMuumwGiPhpd00DfOe4OWGUN9Ix9yeuqjf38lWqtpDhn-xUiAiMgc9-DUfIgp_s2vaJlMUX_j62XHbw_3LNQ</string>
    <string name="PN_OS_notification_state">ACTIVE</string>
    <int name="PN_sequence_number_int" value="2" />
    <boolean name="isHfrSupported_Cache" value="false" />
    <string name="mostRecentlySeenMarketplaceId">A2MFUE2XK8ZSSY</string>
    <boolean name="isHdrSupported_Cache" value="false" />
    <boolean name="isUhdSupported_Cache" value="false" />
    <string name="mostRecentlySeenVcrPivot">IN:HOME</string>
    <boolean name="isReferrerValueSet" value="true" />
    <boolean name="EventSync_shouldForceProcess" value="true" />
    <string name="PN_OS_version">10</string>
    <string name="PN_application_install_id">EU:amazonaiv:71667949-9a45-4fad-bdbd-1cd9d7d84979</string>
    <string name="playbackSupportInfo_Cache">SUPPORTED_HARDWARE</string>
    <boolean name="isDolyDigitalPlusSupported_Cache" value="false" />
    <string name="deviceVideoCodecOverride_Cache">H264;H265</string>
    <boolean name="isHevcSupported_Cache" value="true" />
    <boolean name="isPlaybackSupportCached" value="true" />
    <string name="deviceBitrateAdaptationsOverride_Cache">CBR;CVBR</string>
    <string name="playStoreInstallReferrer">utm_source=google-play&amp;utm_medium=organic</string>
    <boolean name="isHdSupported_Cache" value="false" />
    <string name="PN_app_version">3.0.382.547</string>
</map>
