{"Fid":"dLiEPoJsRDG5n7aXJEDFW9","Status":3,"AuthToken":"eyJhbGciOiJFUzI1NiIsInR5cCI6IkpXVCJ9.eyJhcHBJZCI6IjE6MzU0ODAwNjQ1MzI5OmFuZHJvaWQ6NGM2NjY0NGY4NDc1MTUwYiIsImV4cCI6MTc1OTI5OTEzOCwiZmlkIjoiZExpRVBvSnNSREc1bjdhWEpFREZXOSIsInByb2plY3ROdW1iZXIiOjM1NDgwMDY0NTMyOX0.AB2LPV8wRAIgVxgjypv3wloD2VpEDxNrxFj5n4h0NrJzObZVWxgsez8CIGTgC6r1kEfwC5_Xl-5IS0NT0gsXYYPl027Cf5Vvj21U","RefreshToken":"3_AS3qfwI78J0jKQnkZbi_3dG4wfPrBuV-YkXdiabIJ7KO6hfLmuUPlWEe5IH3WXzCVdbOh4yMQVKG23Kf0JFaofDCRHxgJe9JggkRLE5H2lFeaA","TokenCreationEpochInSecs":1758694337,"ExpiresInSecs":604800}