{"Fid":"fvxKpM09S8a35kvCUHeTHc","Status":3,"AuthToken":"eyJhbGciOiJFUzI1NiIsInR5cCI6IkpXVCJ9.eyJhcHBJZCI6IjE6MzU0ODAwNjQ1MzI5OmFuZHJvaWQ6NGM2NjY0NGY4NDc1MTUwYiIsImV4cCI6MTc1OTI5OTMwNCwiZmlkIjoiZnZ4S3BNMDlTOGEzNWt2Q1VIZVRIYyIsInByb2plY3ROdW1iZXIiOjM1NDgwMDY0NTMyOX0.AB2LPV8wRAIgDOLd6JRYE6Doyvq20d3w2I_sjq86tvpAQzEfFNQ84YwCIFGAdxou0AjLgmzcIc3mksWNlUMD3j3LeOtNl8-He01X","RefreshToken":"3_AS3qfwJLhLQ_MztJXctBRSxCOyoLQnhXAJVA2bx0HBEgcn4wtbNVmQerBDnpU2YYJxcx5vt0t1CeQwjAmPYVd1W2ouH1SNGtm1oOEYcWR-mX2Q","TokenCreationEpochInSecs":1758694503,"ExpiresInSecs":604800}