{"Fid":"cFnDiUcTR0yNzZm4ag2Guo","Status":3,"AuthToken":"eyJhbGciOiJFUzI1NiIsInR5cCI6IkpXVCJ9.eyJhcHBJZCI6IjE6MzU0ODAwNjQ1MzI5OmFuZHJvaWQ6NGM2NjY0NGY4NDc1MTUwYiIsImV4cCI6MTc1OTgzODg0MSwiZmlkIjoiY0ZuRGlVY1RSMHlOelptNGFnMkd1byIsInByb2plY3ROdW1iZXIiOjM1NDgwMDY0NTMyOX0.AB2LPV8wRAIgNx0zNv8n6wvy9oF-JA5Cjz6Q4Mse27U4ykoFBKVVqXYCIBmKyBIb9cfDX5kMCuA_nLLx6kkjFnflA8hzcM9RLA6X","RefreshToken":"3_AS3qfwIEnvDMIrX1Y052cYjgQqPSHO9_dZvvAp9ujg_7fIHnfpmjw2gbKqg-yVVsEjRQfGzQnvEOH2nhxk1Z2LkrwvWTid5n3Yr3fSQ6NXpAPc8","TokenCreationEpochInSecs":1759234041,"ExpiresInSecs":604800}