<?xml version='1.0' encoding='utf-8' standalone='yes' ?>
<map>
    <long name="fire-count" value="1" />
    <string name="last-used-date">2025-09-27</string>
    <long name="fire-global" value="1758979439524" />
    <set name="android-min-sdk/28 kotlin/2.1.10 fire-transport/18.2.0 fire-installations/18.0.0 fire-android/29 android-installer/com.android.vending fire-core/21.0.0 fire-core-ktx/21.0.0 android-platform/ device-brand/Lenovo fire-fcm/24.1.0 device-name/TB-X505X device-model/TB-X505X android-target-sdk/27">
        <string>2025-09-27</string>
    </set>
</map>
